<?xml version="1.0" encoding="UTF-8"?>
<validateThis xsi:noNamespaceSchemaLocation="validateThis.xsd" xmlns:xsi="http://www.w3.org/2001/XMLSchema-instance">
	<conditions>
		<condition name="MustLikeSomething" 
			serverTest="$propertyvalue('LikeCheese') EQ 0 AND $propertyvalue('LikeChocolate') EQ 0"
			clientTest="$(&quot;[name='LikeCheese']&quot;).getValue() == 0 &amp;&amp; $(&quot;[name='LikeChocolate']&quot;).getValue() == 0;" />
	</conditions>
	<contexts>
		<context name="Register" formName="frmMain" />
		<context name="Profile" formName="frmMain" />
	</contexts>
	<objectProperties>
		<property name="UserName" desc="Email Address">
			<rule type="required" contexts="*" />
			<rule type="email" contexts="*" failureMessage="Hey, buddy, you call that an Email Address?" />
		</property>
		<property name="Nickname">
			<rule type="custom" failureMessage="That Nickname is already taken.  Please try a different Nickname."> <!-- Specifying no context is the same as specifying a context of "*" -->
				<param methodname="CheckDupNickname" />
				<param remoteURL="CheckDupNickname.cfm" />
			</rule>
		</property>
		<property name="UserPass" desc="Password">
			<rule type="required" contexts="*" />
			<rule type="rangelength" contexts="*">
				<param minlength="5" />
				<param maxlength="10" />
			</rule>
		</property>
		<!-- Removing until I can figure out how to add a non-persistent property into a model object
		<property name="VerifyPassword" desc="Verify Password">
			<rule type="required" contexts="*" />
			<rule type="equalTo" contexts="*">
				<param ComparePropertyName="UserPass" />
			</rule>
		</property>
		-->
		<!-- Removing until I can figure out how to reference an embedded object as a property
		<property name="UserGroup" desc="User Group" clientfieldname="UserGroupId">
			<rule type="required" contexts="*" />
		</property>
		-->
		<property name="Salutation">
			<rule type="required" contexts="Profile" />
			<rule type="regex" contexts="*"
				failureMessage="Only Dr, Prof, Mr, Mrs, Ms, or Miss (with or without a period) are allowed.">
				<param Regex="^(Dr|Prof|Mr|Mrs|Ms|Miss)(\.)?$" />
			</rule>
		</property>
		<property name="FirstName" desc="First Name">
			<rule type="required" contexts="Profile" />
		</property>
		<property name="LastName" desc="Last Name">
			<rule type="required" contexts="Profile" />
			<rule type="required" contexts="Register">
				<param DependentPropertyName="FirstName" />
			</rule>
		</property>
		<!-- Removing because the LikeCheese property doesn't exist in the User object. Why? 
		<property name="LikeOther" desc="What do you like?">
			<rule type="required" contexts="*" condition="MustLikeSomething"
				failureMessage="If you don't like Cheese and you don't like Chocolate, you must like something!">
			</rule>
		</property>
		-->
		<property name="HowMuch" desc="How much money would you like?">
			<rule type="numeric" contexts="*" />
		</property>
		<property name="AllowCommunication" desc="Allow Communication" />
		<!-- Removing because the AllowCommunication property doesn't exist in the User object. Why? 
		<property name="CommunicationMethod" desc="Communication Method">
			<rule type="required" contexts="*"
				failureMessage="If you are allowing communication, you must choose a communication method.">
				<param DependentPropertyName="AllowCommunication" />
				<param DependentPropertyValue="1" />
			</rule>
		</property>
		-->
	</objectProperties>
</validateThis>
